images,labels
ISIC_0033453.jpg,4
ISIC_0001590.jpg,3
ISIC_1859641.jpg,1
ISIC_0054215.jpg,0
ISIC_0070166.jpg,2
ISIC_0024336.jpg,4
ISIC_0067608.jpg,5
ISIC_6616555.jpg,1
ISIC_3603150.jpg,3
ISIC_6240570.jpg,1
ISIC_0026139.jpg,4
ISIC_0072161.jpg,5
ISIC_0011890.jpg,1
ISIC_7434918.jpg,3
ISIC_0031000.jpg,4
ISIC_0014617.jpg,5
ISIC_7918608.jpg,1
ISIC_0006272.jpg,3
ISIC_0064398.jpg,5
ISIC_0024915.jpg,4
ISIC_4170141.jpg,5
ISIC_9318322.jpg,5
ISIC_0025644.jpg,0
ISIC_0034165.jpg,4
ISIC_0056521.jpg,5
ISIC_0061188.jpg,2
ISIC_0032953.jpg,3
ISIC_0059831.jpg,5
ISIC_0069933.jpg,2
ISIC_0000953.jpg,3
ISIC_0063046.jpg,2
ISIC_0025484.jpg,4
ISIC_0067278.jpg,0
ISIC_0033322.jpg,4
ISIC_0059516.jpg,0
ISIC_8672524.jpg,2
ISIC_0015295.jpg,5
ISIC_0029406.jpg,4
ISIC_0015360.jpg,3
ISIC_1884970.jpg,1
ISIC_0063383.jpg,5
ISIC_0012459.jpg,5
ISIC_0061114.jpg,5
ISIC_9696289.jpg,1
ISIC_0011725.jpg,1
ISIC_0009900.jpg,1
ISIC_1017188.jpg,1
ISIC_1245630.jpg,3
ISIC_0057080.jpg,5
ISIC_0060630.jpg,2
ISIC_0068361.jpg,5
ISIC_0028797.jpg,4
ISIC_0010580.jpg,2
ISIC_0031496.jpg,4
ISIC_0011113.jpg,1
ISIC_0046633.jpg,2
ISIC_0057004.jpg,5
ISIC_0536439.jpg,1
ISIC_0029036.jpg,4
ISIC_0068793.jpg,0
ISIC_0010714.jpg,2
ISIC_0027875.jpg,4
ISIC_0012288.jpg,2
ISIC_0034315.jpg,4
ISIC_0029139.jpg,4
ISIC_5727282.jpg,1
ISIC_6596403.jpg,1
ISIC_5855767.jpg,1
ISIC_5544848.jpg,1
ISIC_0026481.jpg,4
ISIC_7358293.jpg,1
ISIC_0010338.jpg,1
ISIC_3357399.jpg,3
ISIC_0059512.jpg,2
ISIC_0011152.jpg,1
ISIC_0031236.jpg,0
ISIC_0011441.jpg,1
ISIC_0477201.jpg,1
ISIC_8850421.jpg,1
ISIC_0032967.jpg,4
ISIC_1242543.jpg,5
ISIC_0061416.jpg,5
ISIC_0071707.jpg,2
ISIC_0065157.jpg,0
ISIC_0013364.jpg,5
ISIC_0059613.jpg,5
ISIC_7052280.jpg,1
ISIC_0010594.jpg,1
ISIC_0066157.jpg,0
ISIC_0058252.jpg,0
ISIC_0071345.jpg,0
ISIC_0055059.jpg,0
ISIC_0029115.jpg,4
ISIC_4573039.jpg,1
ISIC_0333589.jpg,1
ISIC_0059673.jpg,0
ISIC_0058996.jpg,0
ISIC_0012046.jpg,1
ISIC_8340426.jpg,5
ISIC_0025431.jpg,4
ISIC_1864719.jpg,1
ISIC_0058880.jpg,2
ISIC_0069133.jpg,0
ISIC_0030681.jpg,2
ISIC_0055739.jpg,2
ISIC_0005585.jpg,3
ISIC_0031686.jpg,4
ISIC_0070967.jpg,5
ISIC_0032662.jpg,2
ISIC_0027139.jpg,4
ISIC_0064148.jpg,0
ISIC_0025529.jpg,4
ISIC_0025856.jpg,4
ISIC_0475038.jpg,3
ISIC_0961888.jpg,5
ISIC_0024890.jpg,4
ISIC_0030188.jpg,4
ISIC_0061671.jpg,0
ISIC_1589136.jpg,5
ISIC_0033747.jpg,0
ISIC_0054289.jpg,2
ISIC_0011834.jpg,1
ISIC_8446043.jpg,3
ISIC_0011974.jpg,1
ISIC_0067000.jpg,0
ISIC_0015006.jpg,5
ISIC_0027025.jpg,4
ISIC_0069995.jpg,2
ISIC_0065581.jpg,0
ISIC_0063702.jpg,0
ISIC_7652615.jpg,3
ISIC_0028103.jpg,2
ISIC_0064188.jpg,5
ISIC_0032343.jpg,4
ISIC_0011414.jpg,3
ISIC_0072131.jpg,0
ISIC_0066359.jpg,2
ISIC_0071198.jpg,0
ISIC_9432244.jpg,1
ISIC_0029576.jpg,4
ISIC_0007964.jpg,3
ISIC_0063382.jpg,0
ISIC_1322621.jpg,5
ISIC_0001124.jpg,2
ISIC_8316707.jpg,3
ISIC_4364740.jpg,1
ISIC_0054088.jpg,0
ISIC_0026106.jpg,3
ISIC_0014784.jpg,2
ISIC_0026018.jpg,4
ISIC_0004765.jpg,3
ISIC_1789897.jpg,1
ISIC_0033662.jpg,2
ISIC_8172419.jpg,5
ISIC_0055742.jpg,2
ISIC_0062687.jpg,5
ISIC_0032808.jpg,0
ISIC_0026567.jpg,4
ISIC_0345607.jpg,5
ISIC_6382790.jpg,1
ISIC_0070365.jpg,5
ISIC_2436560.jpg,1
ISIC_3969411.jpg,2
ISIC_0061761.jpg,2
ISIC_1112228.jpg,1
ISIC_0072914.jpg,0
ISIC_0002422.jpg,3
ISIC_0028308.jpg,4
ISIC_0067776.jpg,2
ISIC_0014397.jpg,5
ISIC_0055735.jpg,0
ISIC_6460536.jpg,1
ISIC_0027905.jpg,4
ISIC_0025339.jpg,4
ISIC_0031208.jpg,2
ISIC_0067491.jpg,5
ISIC_0033868.jpg,4
ISIC_0033676.jpg,4
ISIC_0070565.jpg,5
ISIC_1467583.jpg,1
ISIC_0060735.jpg,5
ISIC_0010915.jpg,1
ISIC_5331102.jpg,2
ISIC_6780662.jpg,1
ISIC_0055085.jpg,5
ISIC_0056882.jpg,5
ISIC_0031272.jpg,0
ISIC_0066449.jpg,0
ISIC_0010723.jpg,2
ISIC_0031812.jpg,4
ISIC_0056742.jpg,0
ISIC_0069059.jpg,2
ISIC_0025140.jpg,4
ISIC_0015181.jpg,5
ISIC_0067460.jpg,2
ISIC_0024647.jpg,2
ISIC_0024262.jpg,0
ISIC_0010989.jpg,1
ISIC_7631044.jpg,1
ISIC_9262713.jpg,3
ISIC_0069589.jpg,0
ISIC_9304776.jpg,1
ISIC_0691329.jpg,1
ISIC_0053583.jpg,0
ISIC_0001112.jpg,2
ISIC_0064286.jpg,0
ISIC_0070120.jpg,2
ISIC_0011395.jpg,1
ISIC_0028818.jpg,0
ISIC_0033826.jpg,3
ISIC_0002816.jpg,3
ISIC_0005669.jpg,3
ISIC_0062682.jpg,0
ISIC_0060602.jpg,0
ISIC_1078823.jpg,1
ISIC_0024981.jpg,4
ISIC_8006211.jpg,2
ISIC_7408991.jpg,1
ISIC_0061363.jpg,0
ISIC_0031352.jpg,4
ISIC_0027332.jpg,4
ISIC_0053562.jpg,5
ISIC_0029427.jpg,4
ISIC_0126191.jpg,1
ISIC_0033111.jpg,3
ISIC_0058965.jpg,3
ISIC_1418323.jpg,5
ISIC_0029188.jpg,3
ISIC_0012210.jpg,5
ISIC_0028826.jpg,4
ISIC_0064538.jpg,2
ISIC_0031526.jpg,0
ISIC_0034252.jpg,4
ISIC_0057338.jpg,2
ISIC_0024426.jpg,4
ISIC_0053733.jpg,0
ISIC_6866262.jpg,1
ISIC_7798770.jpg,3
ISIC_0028593.jpg,4
ISIC_9007451.jpg,1
ISIC_4388706.jpg,1
ISIC_0060386.jpg,2
ISIC_0010719.jpg,2
ISIC_0031078.jpg,4
ISIC_5678867.jpg,1
ISIC_0028878.jpg,2
ISIC_0071175.jpg,3
ISIC_0903411.jpg,2
ISIC_0068922.jpg,5
ISIC_0013814.jpg,2
ISIC_0033184.jpg,4
ISIC_0015153.jpg,5
ISIC_5167209.jpg,2
ISIC_0030081.jpg,4
ISIC_0011116.jpg,1
ISIC_0027681.jpg,4
ISIC_0024850.jpg,4
ISIC_0065330.jpg,0
ISIC_0055765.jpg,0
ISIC_7706640.jpg,1
ISIC_0029924.jpg,4
ISIC_0066896.jpg,5
ISIC_0067714.jpg,0
ISIC_0065805.jpg,0
ISIC_0033260.jpg,4
ISIC_0010480.jpg,3
ISIC_0028225.jpg,2
ISIC_0010509.jpg,3
ISIC_0063668.jpg,0
ISIC_0068436.jpg,5
ISIC_0032929.jpg,4
ISIC_0668612.jpg,1
ISIC_0072976.jpg,2
ISIC_0027048.jpg,3
ISIC_3151591.jpg,1
ISIC_0070073.jpg,5
ISIC_0000175.jpg,2
ISIC_0028937.jpg,0
ISIC_0025066.jpg,4
ISIC_0028804.jpg,3
ISIC_0025030.jpg,4
ISIC_0012715.jpg,2
ISIC_0071199.jpg,0
ISIC_8414609.jpg,2
ISIC_0024409.jpg,4
ISIC_2801456.jpg,1
ISIC_0062224.jpg,0
ISIC_0010744.jpg,1
ISIC_0000113.jpg,3
ISIC_3817719.jpg,2
ISIC_0054833.jpg,5
ISIC_0055988.jpg,5
ISIC_0011887.jpg,1
ISIC_0012207.jpg,5
ISIC_0072603.jpg,0
ISIC_5708658.jpg,5
ISIC_0025736.jpg,3
ISIC_0031761.jpg,4
ISIC_0063105.jpg,5
ISIC_0057917.jpg,0
ISIC_0032482.jpg,0
ISIC_0000363.jpg,3
ISIC_0060270.jpg,2
ISIC_0029548.jpg,4
ISIC_0031658.jpg,3
ISIC_0851556.jpg,1
ISIC_0064261.jpg,2
ISIC_0030183.jpg,2
ISIC_0029202.jpg,4
ISIC_0011400.jpg,1
ISIC_3064935.jpg,1
ISIC_9595615.jpg,1
ISIC_4130156.jpg,1
ISIC_0011172.jpg,1
ISIC_0028241.jpg,3
ISIC_0875614.jpg,1
ISIC_0046338.jpg,2
ISIC_0014826.jpg,2
ISIC_0067839.jpg,0
ISIC_0066345.jpg,5
ISIC_0000550.jpg,2
ISIC_2642187.jpg,5
ISIC_0063083.jpg,0
ISIC_0011526.jpg,2
ISIC_8652341.jpg,1
ISIC_0065753.jpg,5
ISIC_5642041.jpg,1
ISIC_0033156.jpg,4
ISIC_0072548.jpg,0
ISIC_0029108.jpg,4
ISIC_0024490.jpg,4
ISIC_0010490.jpg,3
ISIC_0013365.jpg,2
ISIC_0066594.jpg,5
ISIC_0064824.jpg,0
ISIC_8708893.jpg,1
ISIC_0057019.jpg,2
ISIC_0029233.jpg,4
ISIC_0011442.jpg,1
ISIC_0002216.jpg,3
ISIC_7451283.jpg,1
ISIC_0055418.jpg,0
ISIC_0072507.jpg,2
ISIC_0032876.jpg,4
ISIC_0031770.jpg,4
ISIC_7175579.jpg,1
ISIC_7273804.jpg,1
ISIC_0072738.jpg,2
ISIC_0033666.jpg,0
ISIC_0034150.jpg,2
ISIC_0025885.jpg,4
ISIC_0030721.jpg,4
ISIC_0026351.jpg,4
ISIC_0025710.jpg,4
ISIC_0005859.jpg,3
ISIC_0026744.jpg,4
ISIC_0032283.jpg,4
ISIC_0032046.jpg,2
ISIC_0029358.jpg,4
ISIC_0014595.jpg,5
ISIC_0390071.jpg,5
ISIC_0065135.jpg,5
ISIC_0014336.jpg,2
ISIC_0063852.jpg,2
ISIC_0024825.jpg,4
ISIC_0027355.jpg,4
ISIC_0057302.jpg,2
ISIC_0008892.jpg,3
ISIC_0069876.jpg,5
ISIC_8851901.jpg,1
ISIC_4562053.jpg,3
ISIC_0054170.jpg,0
ISIC_7747712.jpg,2
ISIC_0024376.jpg,3
ISIC_0057235.jpg,2
ISIC_0008716.jpg,3
ISIC_0054881.jpg,0
ISIC_0016030.jpg,3
ISIC_0555938.jpg,1
ISIC_0031485.jpg,4
ISIC_5857357.jpg,1
ISIC_0071197.jpg,2
ISIC_0058589.jpg,5
ISIC_9772863.jpg,1
ISIC_0025805.jpg,4
ISIC_0031474.jpg,3
ISIC_0056287.jpg,0
ISIC_0062491.jpg,2
ISIC_0026538.jpg,4
ISIC_0058160.jpg,5
ISIC_6536532.jpg,1
ISIC_0060488.jpg,5
ISIC_0064106.jpg,5
ISIC_0057242.jpg,0
ISIC_0062805.jpg,5
ISIC_0010987.jpg,3
ISIC_4310717.jpg,1
ISIC_0070873.jpg,0
ISIC_0063237.jpg,5
ISIC_0028628.jpg,4
ISIC_1632949.jpg,1
ISIC_0062094.jpg,5
ISIC_0063014.jpg,5
ISIC_8671159.jpg,1
ISIC_0011407.jpg,1
ISIC_1641637.jpg,5
ISIC_8789051.jpg,2
ISIC_0014566.jpg,5
ISIC_0010997.jpg,1
ISIC_0070625.jpg,0
ISIC_0064654.jpg,5
ISIC_0058689.jpg,0
ISIC_0060567.jpg,5
ISIC_0059577.jpg,0
ISIC_0067135.jpg,0
ISIC_0025434.jpg,4
ISIC_0031428.jpg,4
ISIC_0010551.jpg,2
ISIC_0054362.jpg,0
ISIC_0011514.jpg,2
ISIC_0011478.jpg,1
ISIC_2141237.jpg,2
ISIC_0000176.jpg,2
ISIC_0059109.jpg,5
ISIC_0029329.jpg,4
ISIC_0067905.jpg,2
ISIC_8976374.jpg,5
ISIC_0026094.jpg,2
ISIC_0003436.jpg,3
ISIC_2412113.jpg,2
ISIC_0010293.jpg,1
ISIC_5123057.jpg,1
ISIC_8141769.jpg,1
ISIC_0002870.jpg,3
ISIC_0073241.jpg,2
ISIC_0069848.jpg,5
ISIC_0013708.jpg,5
ISIC_0071008.jpg,0
ISIC_0031528.jpg,4
ISIC_0070042.jpg,3
ISIC_0061311.jpg,0
ISIC_0028995.jpg,4
ISIC_0070300.jpg,5
ISIC_0065810.jpg,5
ISIC_0069655.jpg,5
ISIC_0011216.jpg,1
ISIC_0073048.jpg,5
ISIC_0061052.jpg,2
ISIC_0031261.jpg,4
ISIC_7014017.jpg,1
ISIC_0014792.jpg,3
ISIC_0012415.jpg,5
ISIC_0014103.jpg,2
ISIC_0024733.jpg,2
ISIC_0032553.jpg,4
ISIC_0068103.jpg,5
ISIC_0054852.jpg,2
ISIC_0001115.jpg,1
ISIC_0065011.jpg,5
ISIC_8329541.jpg,1
ISIC_0059771.jpg,0
ISIC_0066448.jpg,2
ISIC_4320764.jpg,1
ISIC_0010063.jpg,3
ISIC_0032850.jpg,0
ISIC_3182500.jpg,1
ISIC_0031212.jpg,4
ISIC_0031614.jpg,0
ISIC_0073019.jpg,0
ISIC_0060493.jpg,5
ISIC_1639765.jpg,3
ISIC_0031624.jpg,4
ISIC_9377882.jpg,1
ISIC_0063888.jpg,5
ISIC_6494694.jpg,1
ISIC_0032276.jpg,3
ISIC_0026248.jpg,4
ISIC_0025939.jpg,4
ISIC_0010039.jpg,2
ISIC_0003114.jpg,3
ISIC_8320240.jpg,1
ISIC_0067264.jpg,0
ISIC_0027996.jpg,4
ISIC_0060140.jpg,2
ISIC_0063965.jpg,3
ISIC_0064992.jpg,2
ISIC_7705774.jpg,1
ISIC_0010345.jpg,1
ISIC_0056711.jpg,5
ISIC_9206499.jpg,1
ISIC_0053990.jpg,5
ISIC_0011534.jpg,2
ISIC_0012962.jpg,5
ISIC_0014273.jpg,5
ISIC_0032063.jpg,4
ISIC_0056146.jpg,0
ISIC_0072978.jpg,0
ISIC_0055416.jpg,3
ISIC_0032726.jpg,2
ISIC_0026590.jpg,4
ISIC_6961503.jpg,2
ISIC_0053916.jpg,2
ISIC_0028376.jpg,4
ISIC_0056463.jpg,0
ISIC_2200197.jpg,2
ISIC_0058651.jpg,0
ISIC_0065387.jpg,5
ISIC_0070852.jpg,2
ISIC_0028050.jpg,0
ISIC_0053841.jpg,2
ISIC_0063653.jpg,3
ISIC_0029054.jpg,3
ISIC_0058533.jpg,3
ISIC_0061832.jpg,0
ISIC_0060660.jpg,2
ISIC_0012952.jpg,5
ISIC_0067993.jpg,0
ISIC_0014872.jpg,2
ISIC_0014611.jpg,5
ISIC_0014535.jpg,5
ISIC_0031362.jpg,4
ISIC_5997266.jpg,5
ISIC_0059686.jpg,2
ISIC_0034070.jpg,4
ISIC_0032576.jpg,4
ISIC_0067087.jpg,0
ISIC_0056951.jpg,0
ISIC_0925734.jpg,3
ISIC_0026016.jpg,4
ISIC_2829582.jpg,1
ISIC_0069319.jpg,0
ISIC_0024281.jpg,0
ISIC_7312977.jpg,2
ISIC_0009401.jpg,3
ISIC_9187590.jpg,1
ISIC_0069673.jpg,5
ISIC_0068616.jpg,2
ISIC_8231999.jpg,2
ISIC_0000333.jpg,3
ISIC_0025883.jpg,4
ISIC_0033770.jpg,4
ISIC_0011010.jpg,1
ISIC_0061889.jpg,0
ISIC_0011435.jpg,2
ISIC_5809270.jpg,3
ISIC_0059525.jpg,2
ISIC_0033275.jpg,2
ISIC_0028701.jpg,4
ISIC_0005417.jpg,3
ISIC_0021901.jpg,2
ISIC_0066623.jpg,0
ISIC_8633132.jpg,1
ISIC_0000325.jpg,3
ISIC_0062544.jpg,0
ISIC_0034296.jpg,4
ISIC_9862922.jpg,1
ISIC_0059386.jpg,2
ISIC_0029927.jpg,4
ISIC_0015182.jpg,5
ISIC_1948710.jpg,1
ISIC_0000405.jpg,2
ISIC_0062724.jpg,2
ISIC_0027435.jpg,4
ISIC_0069639.jpg,0
ISIC_0001540.jpg,3
ISIC_0053463.jpg,0
ISIC_0861128.jpg,3
ISIC_0028295.jpg,3
ISIC_0012329.jpg,5
ISIC_0031088.jpg,4
ISIC_0025898.jpg,3
ISIC_0069332.jpg,0
ISIC_0007581.jpg,3
ISIC_5475235.jpg,1
ISIC_0054684.jpg,0
ISIC_0023593.jpg,1
ISIC_0010269.jpg,3
ISIC_7287303.jpg,2
ISIC_0030378.jpg,3
ISIC_0072905.jpg,5
ISIC_0058261.jpg,5
ISIC_4491903.jpg,5
ISIC_0027219.jpg,4
ISIC_0034283.jpg,4
ISIC_0010450.jpg,1
ISIC_0033776.jpg,4
ISIC_0010404.jpg,1
ISIC_0024222.jpg,2
ISIC_0069475.jpg,2
ISIC_6813281.jpg,1
ISIC_0030332.jpg,3
ISIC_0033117.jpg,2
ISIC_0000342.jpg,3
ISIC_0065919.jpg,0
ISIC_4761090.jpg,5
ISIC_0064700.jpg,5
ISIC_0029931.jpg,4
ISIC_0025326.jpg,4
ISIC_8609084.jpg,3
ISIC_0024284.jpg,2
ISIC_0024552.jpg,2
ISIC_0031590.jpg,3
ISIC_0053813.jpg,0
ISIC_0001129.jpg,1
ISIC_0060697.jpg,5
ISIC_0010556.jpg,1
ISIC_0072835.jpg,0
ISIC_0011724.jpg,1
ISIC_0064786.jpg,5
ISIC_5392117.jpg,1
ISIC_0031903.jpg,4
ISIC_0014642.jpg,5
ISIC_0057960.jpg,2
ISIC_0032031.jpg,4
ISIC_0032723.jpg,2
ISIC_0010301.jpg,1
ISIC_0024592.jpg,4
ISIC_0055758.jpg,0
ISIC_0060857.jpg,5
ISIC_0033908.jpg,4
ISIC_0012155.jpg,5
ISIC_0029302.jpg,4
ISIC_0059764.jpg,2
ISIC_0032534.jpg,4
ISIC_0064038.jpg,0
ISIC_0011640.jpg,1
ISIC_0013493.jpg,5
ISIC_2398564.jpg,1
ISIC_0015930.jpg,5
ISIC_0063829.jpg,2
ISIC_0068350.jpg,5
ISIC_0067096.jpg,5
ISIC_0070742.jpg,5
ISIC_0009833.jpg,3
ISIC_9223727.jpg,1
ISIC_0005324.jpg,3
ISIC_0062597.jpg,3
ISIC_0006944.jpg,3
ISIC_0065766.jpg,2
ISIC_8879370.jpg,1
ISIC_0030636.jpg,4
ISIC_2746051.jpg,3
ISIC_0066363.jpg,0
ISIC_0011390.jpg,2
ISIC_0053617.jpg,2
ISIC_0005792.jpg,3
ISIC_0060656.jpg,2
ISIC_0009151.jpg,3
ISIC_0937261.jpg,3
ISIC_0025466.jpg,4
ISIC_5225355.jpg,1
ISIC_5685440.jpg,1
ISIC_5743254.jpg,1
ISIC_0071258.jpg,2
ISIC_4943237.jpg,3
ISIC_0032514.jpg,4
ISIC_0025497.jpg,3
ISIC_0068978.jpg,5
ISIC_0031321.jpg,4
ISIC_0072048.jpg,0
ISIC_0030426.jpg,3
ISIC_0055924.jpg,2
ISIC_0029464.jpg,4
ISIC_0024786.jpg,4
ISIC_0057825.jpg,0
ISIC_0009793.jpg,3
ISIC_0072868.jpg,2
ISIC_7904757.jpg,1
ISIC_0069210.jpg,2
ISIC_0053469.jpg,2
ISIC_0013335.jpg,5
ISIC_5569369.jpg,1
ISIC_0064378.jpg,5
ISIC_0062271.jpg,0
ISIC_0067674.jpg,0
ISIC_5120109.jpg,3
ISIC_0064248.jpg,0
ISIC_0068550.jpg,5
ISIC_0059710.jpg,5
ISIC_0054897.jpg,5
ISIC_0072750.jpg,0
ISIC_0066412.jpg,2
ISIC_0060271.jpg,5
ISIC_6106060.jpg,1
ISIC_0054843.jpg,0
ISIC_0010208.jpg,2
ISIC_0063942.jpg,0
ISIC_6686330.jpg,5
ISIC_0062110.jpg,5
ISIC_0066210.jpg,0
ISIC_0063158.jpg,0
ISIC_0069649.jpg,0
ISIC_0012725.jpg,3
ISIC_0024851.jpg,4
ISIC_0053812.jpg,2
ISIC_0031004.jpg,3
ISIC_0065334.jpg,0
ISIC_0011175.jpg,1
ISIC_0033913.jpg,4
ISIC_6051431.jpg,5
ISIC_0028553.jpg,3
ISIC_0059656.jpg,0
ISIC_7553497.jpg,1
ISIC_0025826.jpg,0
ISIC_0033670.jpg,2
ISIC_0014572.jpg,5
ISIC_3363819.jpg,1
ISIC_0029363.jpg,2
ISIC_0032373.jpg,4
ISIC_0029106.jpg,3
ISIC_0072616.jpg,0
ISIC_0033685.jpg,4
ISIC_0007399.jpg,3
ISIC_0068781.jpg,0
ISIC_0031535.jpg,3
ISIC_0065966.jpg,5
ISIC_8754972.jpg,5
ISIC_0375775.jpg,3
ISIC_0067497.jpg,0
ISIC_0010403.jpg,1
ISIC_0061866.jpg,0
ISIC_0030110.jpg,2
ISIC_0067703.jpg,3
ISIC_9632665.jpg,3
ISIC_0030124.jpg,4
ISIC_0029061.jpg,4
ISIC_0952472.jpg,2
ISIC_0071683.jpg,5
ISIC_0014575.jpg,5
ISIC_0001125.jpg,2
ISIC_0056950.jpg,0
ISIC_0031965.jpg,3
ISIC_0062239.jpg,2
ISIC_9485600.jpg,1
ISIC_0025234.jpg,2
ISIC_9803809.jpg,3
ISIC_0059381.jpg,5
ISIC_0064217.jpg,3
ISIC_7277494.jpg,1
ISIC_0033486.jpg,4
ISIC_0010745.jpg,1
ISIC_0067390.jpg,3
ISIC_8882374.jpg,2
ISIC_9074326.jpg,1
ISIC_0006362.jpg,3
ISIC_0028702.jpg,4
ISIC_0027852.jpg,3
ISIC_0070532.jpg,0
ISIC_5449421.jpg,1
ISIC_0055791.jpg,0
ISIC_0013933.jpg,5
ISIC_0058035.jpg,3
ISIC_0061511.jpg,0
ISIC_0029010.jpg,4
ISIC_0065904.jpg,2
ISIC_0032244.jpg,2
ISIC_0072824.jpg,2
ISIC_0029370.jpg,2
ISIC_1785976.jpg,3
ISIC_0057095.jpg,3
ISIC_9077709.jpg,3
ISIC_7949933.jpg,1
ISIC_0053545.jpg,2
ISIC_0057104.jpg,0
ISIC_9728805.jpg,5
ISIC_0034318.jpg,4
ISIC_0011080.jpg,1
ISIC_0001107.jpg,1
ISIC_0028473.jpg,4
ISIC_9548821.jpg,2
ISIC_0003204.jpg,3
ISIC_0607205.jpg,3
ISIC_0031049.jpg,3
ISIC_0000445.jpg,2
ISIC_0572205.jpg,2
ISIC_0071441.jpg,0
ISIC_0027710.jpg,4
ISIC_0012076.jpg,1
ISIC_7917871.jpg,1
ISIC_0013146.jpg,5
ISIC_0014948.jpg,3
ISIC_0010385.jpg,2
ISIC_2246574.jpg,1
ISIC_2663597.jpg,2
ISIC_0010697.jpg,1
ISIC_0057640.jpg,5
ISIC_5416608.jpg,1
ISIC_0026539.jpg,4
ISIC_0000402.jpg,2
ISIC_0005721.jpg,3
ISIC_9829781.jpg,1
ISIC_0009475.jpg,3
ISIC_0030806.jpg,4
ISIC_0056614.jpg,2
ISIC_0065804.jpg,0
ISIC_0010609.jpg,2
ISIC_0029014.jpg,4
ISIC_0014173.jpg,2
ISIC_0030118.jpg,4
ISIC_0031945.jpg,4
ISIC_0030605.jpg,4
ISIC_0011071.jpg,3
ISIC_0071655.jpg,3
ISIC_4809996.jpg,3
ISIC_0065951.jpg,5
ISIC_0056039.jpg,0
ISIC_6473449.jpg,1
ISIC_0056235.jpg,0
ISIC_0007944.jpg,3
ISIC_0073221.jpg,0
ISIC_0011392.jpg,1
ISIC_0059725.jpg,0
ISIC_0054053.jpg,2
ISIC_0056255.jpg,0
ISIC_0010762.jpg,3
ISIC_0028094.jpg,4
ISIC_0063827.jpg,0
ISIC_0027608.jpg,4
ISIC_0030095.jpg,4
ISIC_0014638.jpg,5
ISIC_6427046.jpg,5
ISIC_0062167.jpg,0
ISIC_6526489.jpg,2
ISIC_0062318.jpg,2
ISIC_0055201.jpg,0
ISIC_8732565.jpg,1
ISIC_0054063.jpg,0
ISIC_0028929.jpg,2
ISIC_0014711.jpg,5
ISIC_0062835.jpg,5
ISIC_0014419.jpg,5
ISIC_0010076.jpg,1
ISIC_0009750.jpg,3
ISIC_0068942.jpg,3
ISIC_2671817.jpg,5
ISIC_0056312.jpg,5
ISIC_0069292.jpg,2
ISIC_0028623.jpg,4
ISIC_0056738.jpg,3
ISIC_0011376.jpg,1
ISIC_8672974.jpg,5
ISIC_0068815.jpg,0
ISIC_0032985.jpg,2
ISIC_0014031.jpg,5
ISIC_0024337.jpg,4
ISIC_3401800.jpg,1
ISIC_0027584.jpg,4
ISIC_0025465.jpg,4
ISIC_0065399.jpg,5
ISIC_0055108.jpg,0
ISIC_8086499.jpg,1
ISIC_0024461.jpg,0
ISIC_0034007.jpg,4
ISIC_7785457.jpg,1
ISIC_0010992.jpg,1
ISIC_3218403.jpg,3
ISIC_0014727.jpg,2
ISIC_0027953.jpg,4
ISIC_0073038.jpg,2
ISIC_0058161.jpg,5
ISIC_0024893.jpg,4
ISIC_0031707.jpg,4
ISIC_0066150.jpg,2
ISIC_6452564.jpg,3
ISIC_8828670.jpg,1
ISIC_0066680.jpg,5
ISIC_5576241.jpg,1
ISIC_2116449.jpg,1
ISIC_0057736.jpg,2
ISIC_0055636.jpg,5
ISIC_0011949.jpg,2
ISIC_0063163.jpg,5
ISIC_0024422.jpg,4
ISIC_0063885.jpg,2
ISIC_0235971.jpg,1
ISIC_0059480.jpg,5
ISIC_0054900.jpg,5
ISIC_8708918.jpg,2
ISIC_0025470.jpg,4
ISIC_0026453.jpg,0
ISIC_0025366.jpg,4
ISIC_0028846.jpg,4
ISIC_7560157.jpg,5
ISIC_2615058.jpg,1
ISIC_0186998.jpg,2
ISIC_5755245.jpg,1
ISIC_0015043.jpg,3
ISIC_3127359.jpg,1
ISIC_0033865.jpg,4
ISIC_0066033.jpg,3
ISIC_3698568.jpg,5
ISIC_0072549.jpg,0
ISIC_0006868.jpg,3
ISIC_0026717.jpg,4
ISIC_0024881.jpg,4
ISIC_0030607.jpg,4
ISIC_0059638.jpg,5
ISIC_1740430.jpg,1
ISIC_0012143.jpg,5
ISIC_0004162.jpg,3
ISIC_0063849.jpg,5
ISIC_0027822.jpg,2
ISIC_0065366.jpg,5
ISIC_2970409.jpg,5
ISIC_0072337.jpg,2
ISIC_0028449.jpg,4
ISIC_6924502.jpg,3
ISIC_0029878.jpg,4
ISIC_2949131.jpg,3
ISIC_0027991.jpg,4
ISIC_0029810.jpg,4
ISIC_0072972.jpg,5
ISIC_0001613.jpg,3
ISIC_3001197.jpg,1
ISIC_0011463.jpg,2
ISIC_0007182.jpg,3
ISIC_0069432.jpg,2
ISIC_1405454.jpg,1
ISIC_8387580.jpg,1
ISIC_0024952.jpg,2
ISIC_0057996.jpg,2
ISIC_0025623.jpg,4
ISIC_0013236.jpg,5
ISIC_0015928.jpg,5
ISIC_0062978.jpg,2
ISIC_0033034.jpg,2
ISIC_0070575.jpg,5
ISIC_0280376.jpg,1
ISIC_0067283.jpg,5
ISIC_0011535.jpg,0
ISIC_0065892.jpg,5
ISIC_2194968.jpg,3
ISIC_0072410.jpg,5
ISIC_0004202.jpg,3
ISIC_0055027.jpg,5
ISIC_1700687.jpg,3
ISIC_0010320.jpg,3
ISIC_0071725.jpg,2
ISIC_0068762.jpg,2
ISIC_0032413.jpg,3
ISIC_9861225.jpg,3
ISIC_0061978.jpg,5
ISIC_0025337.jpg,4
ISIC_0007050.jpg,3
ISIC_0027049.jpg,3
ISIC_0024514.jpg,3
ISIC_5544398.jpg,1
ISIC_0026119.jpg,3
ISIC_0059948.jpg,2
ISIC_2576220.jpg,1
ISIC_0066156.jpg,2
ISIC_0030670.jpg,3
ISIC_0070854.jpg,5
ISIC_0033582.jpg,4
ISIC_0025971.jpg,0
ISIC_0059804.jpg,2
ISIC_0030630.jpg,4
ISIC_8368264.jpg,3
ISIC_0063642.jpg,3
ISIC_0012086.jpg,5
ISIC_0014569.jpg,5
ISIC_0071603.jpg,0
ISIC_4878461.jpg,1
ISIC_0010353.jpg,1
ISIC_0025842.jpg,4
ISIC_0027702.jpg,2
ISIC_4499992.jpg,3
ISIC_0026574.jpg,0
ISIC_0000040.jpg,2
ISIC_0060937.jpg,2
ISIC_0070190.jpg,0
ISIC_9452609.jpg,5
ISIC_0004262.jpg,3
ISIC_0072456.jpg,5
ISIC_0010303.jpg,1
ISIC_0065126.jpg,5
ISIC_0027142.jpg,4
ISIC_7341225.jpg,1
ISIC_0010126.jpg,3
ISIC_0065367.jpg,2
ISIC_0053570.jpg,2
ISIC_0071952.jpg,5
ISIC_0055775.jpg,0
ISIC_0072224.jpg,5
ISIC_0028200.jpg,4
ISIC_0070551.jpg,2
ISIC_0003544.jpg,3
ISIC_0066989.jpg,5
ISIC_0065647.jpg,5
ISIC_4464389.jpg,2
ISIC_6833519.jpg,1
ISIC_8814398.jpg,5
ISIC_3522554.jpg,5
ISIC_0061560.jpg,3
ISIC_0056620.jpg,5
ISIC_7216772.jpg,3
ISIC_0060320.jpg,0
ISIC_0069434.jpg,0
ISIC_0072322.jpg,5
ISIC_0003254.jpg,3
ISIC_0073100.jpg,5
ISIC_8423078.jpg,1
ISIC_0223461.jpg,1
ISIC_0026687.jpg,0
ISIC_0029129.jpg,0
ISIC_0009983.jpg,1
ISIC_0015917.jpg,5
ISIC_0012690.jpg,3
ISIC_0069251.jpg,5
ISIC_0030843.jpg,2
ISIC_0034303.jpg,4
ISIC_0056175.jpg,5
ISIC_0030138.jpg,0
ISIC_0024982.jpg,4
ISIC_0069988.jpg,2
ISIC_0027898.jpg,3
ISIC_0029316.jpg,2
ISIC_4203917.jpg,1
ISIC_0073037.jpg,0
ISIC_0071051.jpg,3
ISIC_0005769.jpg,3
ISIC_0034076.jpg,2
ISIC_0013160.jpg,5
ISIC_0030189.jpg,4
ISIC_0010974.jpg,3
ISIC_0062165.jpg,5
ISIC_3315795.jpg,3
ISIC_0014284.jpg,2
ISIC_6966001.jpg,2
ISIC_0008891.jpg,3
ISIC_0024910.jpg,4
ISIC_7200676.jpg,1
ISIC_0066807.jpg,0
ISIC_4534593.jpg,1
ISIC_0064586.jpg,5
ISIC_0071900.jpg,5
ISIC_0011008.jpg,1
ISIC_0027432.jpg,3
ISIC_0012932.jpg,5
ISIC_0032395.jpg,4
ISIC_2283628.jpg,3
ISIC_6033409.jpg,3
ISIC_0054443.jpg,0
ISIC_6607895.jpg,3
ISIC_8922893.jpg,2
ISIC_0060079.jpg,0
ISIC_0033592.jpg,4
ISIC_0068284.jpg,5
ISIC_4100532.jpg,5
ISIC_0071356.jpg,5
ISIC_0029396.jpg,4
ISIC_0071344.jpg,5
ISIC_0054445.jpg,2
ISIC_0028952.jpg,4
ISIC_0014607.jpg,5
ISIC_0011269.jpg,2
ISIC_0062209.jpg,5
ISIC_0024832.jpg,4
ISIC_0060502.jpg,2
ISIC_0053661.jpg,5
ISIC_7429270.jpg,5
ISIC_7156962.jpg,1
ISIC_0004430.jpg,3
ISIC_0066978.jpg,5
ISIC_0059366.jpg,0
ISIC_0253871.jpg,3
ISIC_8355446.jpg,2
ISIC_0009102.jpg,3
ISIC_0026405.jpg,3
ISIC_6470589.jpg,1
ISIC_0069915.jpg,0
ISIC_0027296.jpg,3
ISIC_0014582.jpg,5
ISIC_0067284.jpg,2
ISIC_0010253.jpg,1
ISIC_0014651.jpg,5
ISIC_0031581.jpg,3
ISIC_6432255.jpg,1
ISIC_0064549.jpg,2
ISIC_5346936.jpg,5
ISIC_0025378.jpg,4
ISIC_0032414.jpg,0
ISIC_0290144.jpg,1
ISIC_0533122.jpg,2
ISIC_0032110.jpg,2
ISIC_0011305.jpg,2
ISIC_7985659.jpg,3
ISIC_0055733.jpg,2
ISIC_7680185.jpg,1
ISIC_0054761.jpg,5
ISIC_0061820.jpg,5
ISIC_0059598.jpg,5
ISIC_0062168.jpg,5
ISIC_0033853.jpg,4
ISIC_0026266.jpg,2
ISIC_0011499.jpg,2
ISIC_0055209.jpg,0
ISIC_0055939.jpg,3
ISIC_0014735.jpg,2
ISIC_0058478.jpg,5
ISIC_2645357.jpg,1
ISIC_0032099.jpg,4
ISIC_0055309.jpg,2
ISIC_0061194.jpg,2
ISIC_0061226.jpg,5
ISIC_0003274.jpg,3
ISIC_0058778.jpg,5
ISIC_0007139.jpg,3
ISIC_0070536.jpg,0
ISIC_0026069.jpg,4
ISIC_8417873.jpg,2
ISIC_1935453.jpg,1
ISIC_0046917.jpg,2
ISIC_0060411.jpg,5
ISIC_0013474.jpg,5
ISIC_0012294.jpg,5
ISIC_0031310.jpg,2
ISIC_0001678.jpg,3
ISIC_0029789.jpg,4
ISIC_0069069.jpg,5
ISIC_9905625.jpg,1
ISIC_2757355.jpg,2
ISIC_9596146.jpg,1
ISIC_0054535.jpg,0
ISIC_0007647.jpg,3
ISIC_0056172.jpg,0
ISIC_8907509.jpg,2
ISIC_0067960.jpg,2
ISIC_0072271.jpg,2
ISIC_0013685.jpg,5
ISIC_0009351.jpg,3
ISIC_0069341.jpg,5
ISIC_0054748.jpg,2
ISIC_0065877.jpg,0
ISIC_0060139.jpg,0
ISIC_0025876.jpg,4
ISIC_0011776.jpg,1
ISIC_0028671.jpg,0
ISIC_0069153.jpg,0
ISIC_0032675.jpg,4
ISIC_0065285.jpg,3
ISIC_0433569.jpg,1
ISIC_0071793.jpg,5
ISIC_0060482.jpg,5
ISIC_3678711.jpg,1
ISIC_0032168.jpg,4
ISIC_0063923.jpg,0
ISIC_0032365.jpg,4
ISIC_0033354.jpg,0
ISIC_5015822.jpg,5
ISIC_0059080.jpg,0
ISIC_0027517.jpg,2
ISIC_0057248.jpg,5
ISIC_0068181.jpg,5
ISIC_0059320.jpg,0
ISIC_0053599.jpg,0
ISIC_0069435.jpg,5
ISIC_0067512.jpg,2
ISIC_4264600.jpg,3
ISIC_0064934.jpg,2
ISIC_1080647.jpg,1
ISIC_0025716.jpg,4
ISIC_3883666.jpg,3
ISIC_0033987.jpg,4
ISIC_0033744.jpg,4
ISIC_8231704.jpg,1
ISIC_0014558.jpg,2
ISIC_0024839.jpg,4
ISIC_0032694.jpg,4
ISIC_0071583.jpg,2
ISIC_0055437.jpg,3
ISIC_0000401.jpg,2
ISIC_0033828.jpg,4
ISIC_0026424.jpg,3
ISIC_0026769.jpg,4
ISIC_9756079.jpg,1
ISIC_5930265.jpg,1
ISIC_5971635.jpg,1
ISIC_0028832.jpg,3
ISIC_0067426.jpg,0
ISIC_0028462.jpg,3
ISIC_0072262.jpg,5
ISIC_0024760.jpg,4
ISIC_0011394.jpg,1
ISIC_0031907.jpg,3
ISIC_0031472.jpg,3
ISIC_0009969.jpg,3
ISIC_0014831.jpg,5
ISIC_0064741.jpg,5
ISIC_0031519.jpg,4
ISIC_0012281.jpg,3
ISIC_0065710.jpg,0
ISIC_0073055.jpg,0
ISIC_0071431.jpg,2
ISIC_0030499.jpg,3
ISIC_0025693.jpg,4
ISIC_6625102.jpg,2
ISIC_0068264.jpg,5
ISIC_0006695.jpg,3
ISIC_0011226.jpg,1
ISIC_6552718.jpg,1
ISIC_0072058.jpg,5
ISIC_0026287.jpg,3
ISIC_4497032.jpg,3
ISIC_0002871.jpg,3
ISIC_0007314.jpg,3
ISIC_0060720.jpg,5
ISIC_9784994.jpg,1
ISIC_0026842.jpg,4
ISIC_0010986.jpg,1
ISIC_0289271.jpg,1
ISIC_0069487.jpg,5
ISIC_0057272.jpg,5
ISIC_0031024.jpg,4
ISIC_0030088.jpg,4
ISIC_0351666.jpg,2
ISIC_9108366.jpg,5
ISIC_0072985.jpg,2
ISIC_2283151.jpg,1
ISIC_0034037.jpg,4
ISIC_0010652.jpg,2
ISIC_0066046.jpg,5
ISIC_7240363.jpg,1
ISIC_0068707.jpg,0
ISIC_3206521.jpg,1
ISIC_0027151.jpg,4
ISIC_0070802.jpg,0
ISIC_4784251.jpg,3
ISIC_0028989.jpg,0
ISIC_0069652.jpg,0
ISIC_0056100.jpg,0
ISIC_0001089.jpg,3
ISIC_0003181.jpg,3
ISIC_0012527.jpg,5
ISIC_0063753.jpg,2
ISIC_0029209.jpg,2
ISIC_0071831.jpg,5
ISIC_3213484.jpg,3
ISIC_1214018.jpg,1
ISIC_0011700.jpg,2
ISIC_0058030.jpg,3
ISIC_0072850.jpg,3
ISIC_0029032.jpg,4
ISIC_2126277.jpg,1
ISIC_0032915.jpg,2
ISIC_0066021.jpg,5
ISIC_6434212.jpg,1
ISIC_0060153.jpg,2
ISIC_0070398.jpg,2
ISIC_3850265.jpg,1
ISIC_0026849.jpg,4
ISIC_0000154.jpg,2
ISIC_0055403.jpg,2
ISIC_0063802.jpg,0
ISIC_4731257.jpg,1
ISIC_8856365.jpg,2
ISIC_0072630.jpg,0
ISIC_9536802.jpg,1
ISIC_0026316.jpg,4
ISIC_0027038.jpg,0
ISIC_0061985.jpg,5
ISIC_4411089.jpg,1
ISIC_6433929.jpg,1
ISIC_0034157.jpg,3
ISIC_0014989.jpg,3
ISIC_0013635.jpg,5
ISIC_0025227.jpg,3
ISIC_0060109.jpg,0
ISIC_6948176.jpg,1
ISIC_0007158.jpg,3
ISIC_1832538.jpg,1
ISIC_0028992.jpg,4
ISIC_0034064.jpg,2
ISIC_0054409.jpg,2
ISIC_0072455.jpg,0
ISIC_0066707.jpg,0
ISIC_0062733.jpg,0
ISIC_0065605.jpg,0
ISIC_0061022.jpg,0
ISIC_0031537.jpg,4
ISIC_0014061.jpg,2
ISIC_8066110.jpg,2
ISIC_0371997.jpg,1
ISIC_5722465.jpg,1
ISIC_0024432.jpg,0
ISIC_0010811.jpg,1
ISIC_0061509.jpg,2
ISIC_0061921.jpg,2
ISIC_2167440.jpg,2
ISIC_0070752.jpg,2
ISIC_0021271.jpg,2
ISIC_0011201.jpg,1
ISIC_9380014.jpg,1
ISIC_0065344.jpg,5
ISIC_0012512.jpg,2
ISIC_0071374.jpg,3
ISIC_9487340.jpg,1
ISIC_0064129.jpg,2
ISIC_0033587.jpg,4
ISIC_0027801.jpg,4
ISIC_0065858.jpg,2
ISIC_0010048.jpg,1
ISIC_0069877.jpg,5
ISIC_0071638.jpg,5
ISIC_0476728.jpg,5
ISIC_1752997.jpg,1
ISIC_0015927.jpg,5
ISIC_0010390.jpg,1
ISIC_0030511.jpg,0
ISIC_0063716.jpg,5
ISIC_0027826.jpg,4
ISIC_0033773.jpg,2
ISIC_0031468.jpg,4
ISIC_0011677.jpg,1
ISIC_0072050.jpg,5
ISIC_0034167.jpg,4
ISIC_5386182.jpg,1
ISIC_0055245.jpg,0
ISIC_0012323.jpg,5
ISIC_0026532.jpg,4
ISIC_0057222.jpg,5
ISIC_0056846.jpg,3
ISIC_0054324.jpg,5
ISIC_2790519.jpg,1
ISIC_3943279.jpg,1
ISIC_0064152.jpg,2
ISIC_0010111.jpg,1
ISIC_0054728.jpg,2
ISIC_2205007.jpg,1
ISIC_0032843.jpg,4
ISIC_0000174.jpg,2
ISIC_0001639.jpg,3
ISIC_0005327.jpg,3
ISIC_0026229.jpg,2
ISIC_0031753.jpg,4
ISIC_9876779.jpg,3
ISIC_1875440.jpg,1
ISIC_0008005.jpg,3
ISIC_0061526.jpg,5
ISIC_0058392.jpg,0
ISIC_0068079.jpg,5
ISIC_4506056.jpg,1
ISIC_0014264.jpg,5
ISIC_0027559.jpg,4
ISIC_0009926.jpg,1
ISIC_0067249.jpg,0
ISIC_0066288.jpg,5
ISIC_0072663.jpg,0
ISIC_0070101.jpg,0
ISIC_0010331.jpg,1
ISIC_0061386.jpg,0
ISIC_0010299.jpg,2
ISIC_0056732.jpg,5
ISIC_0057511.jpg,0
ISIC_0070329.jpg,5
ISIC_0067726.jpg,5
ISIC_0059544.jpg,5
ISIC_0008665.jpg,3
ISIC_0010512.jpg,1
ISIC_0031061.jpg,4
ISIC_8868892.jpg,1
ISIC_0063727.jpg,2
ISIC_7575957.jpg,1
ISIC_0015146.jpg,3
ISIC_0059116.jpg,0
ISIC_0031059.jpg,3
ISIC_0071013.jpg,5
ISIC_0029100.jpg,4
ISIC_0030311.jpg,3
ISIC_0010810.jpg,2
ISIC_0030755.jpg,0
ISIC_0027831.jpg,4
ISIC_0062523.jpg,2
ISIC_8071637.jpg,2
ISIC_0059388.jpg,0
ISIC_0013172.jpg,3
ISIC_0026623.jpg,4
ISIC_0010112.jpg,1
ISIC_0000474.jpg,3
ISIC_0030446.jpg,0
ISIC_0011024.jpg,3
ISIC_0031987.jpg,4
ISIC_0072134.jpg,0
ISIC_5889844.jpg,1
ISIC_0026844.jpg,4
ISIC_0070021.jpg,0
ISIC_0004792.jpg,3
ISIC_0011084.jpg,3
ISIC_0061577.jpg,0
ISIC_0025703.jpg,4
ISIC_0067461.jpg,2
ISIC_0071878.jpg,0
ISIC_0033284.jpg,4
ISIC_0014688.jpg,2
ISIC_6356149.jpg,0
ISIC_0010099.jpg,1
ISIC_0014139.jpg,5
ISIC_0059703.jpg,2
ISIC_7041484.jpg,5
ISIC_0031050.jpg,4
ISIC_8448360.jpg,3
ISIC_0024877.jpg,4
ISIC_5609848.jpg,3
ISIC_7101732.jpg,2
ISIC_0067889.jpg,2
ISIC_0025986.jpg,4
ISIC_0066107.jpg,0
ISIC_9045599.jpg,1
ISIC_0010538.jpg,1
ISIC_0033924.jpg,4
ISIC_0068228.jpg,3
ISIC_0056329.jpg,5
ISIC_3052085.jpg,1
ISIC_0060338.jpg,0
ISIC_0033200.jpg,4
ISIC_0069085.jpg,5
ISIC_0028043.jpg,4
ISIC_0025099.jpg,4
ISIC_0031766.jpg,4
ISIC_0028750.jpg,4
ISIC_9660623.jpg,1
ISIC_0013360.jpg,5
ISIC_0028519.jpg,2
ISIC_0032174.jpg,0
ISIC_0069277.jpg,2
ISIC_0057893.jpg,0
ISIC_0054205.jpg,2
ISIC_0055855.jpg,0
ISIC_3030065.jpg,3
ISIC_0015173.jpg,3
ISIC_0024251.jpg,0
ISIC_0053668.jpg,3
ISIC_0033620.jpg,4
ISIC_0056219.jpg,0
ISIC_0008428.jpg,3
ISIC_9901871.jpg,3
ISIC_2144220.jpg,3
ISIC_6303895.jpg,1
ISIC_0005087.jpg,3
ISIC_0053756.jpg,5
ISIC_6113814.jpg,1
ISIC_0065415.jpg,5
ISIC_0028607.jpg,4
ISIC_0068063.jpg,5
ISIC_0056498.jpg,0
ISIC_0070853.jpg,0
ISIC_0055415.jpg,5
ISIC_0065063.jpg,0
ISIC_0084270.jpg,3
ISIC_0034235.jpg,4
ISIC_0000314.jpg,2
ISIC_0033480.jpg,4
ISIC_0066122.jpg,2
ISIC_0027957.jpg,4
ISIC_0031825.jpg,4
ISIC_0054340.jpg,0
ISIC_0070465.jpg,2
ISIC_0026007.jpg,3
ISIC_0029870.jpg,3
ISIC_0058080.jpg,5
ISIC_6245138.jpg,3
ISIC_8830487.jpg,1
ISIC_0055447.jpg,5
ISIC_0027454.jpg,4
ISIC_0058852.jpg,0
ISIC_0072909.jpg,2
ISIC_0013316.jpg,5
ISIC_0013918.jpg,5
ISIC_0032556.jpg,4
ISIC_0010451.jpg,1
ISIC_0054207.jpg,5
ISIC_0062006.jpg,5
ISIC_9899364.jpg,5
ISIC_8795050.jpg,1
ISIC_5021861.jpg,2
ISIC_0061923.jpg,0
ISIC_0033306.jpg,4
ISIC_0031601.jpg,4
ISIC_0028165.jpg,4
ISIC_0067620.jpg,5
ISIC_3023694.jpg,1
ISIC_0003777.jpg,3
ISIC_0006290.jpg,3
ISIC_0025767.jpg,4
ISIC_0026961.jpg,4
ISIC_0029060.jpg,4
ISIC_5044438.jpg,2
ISIC_0072211.jpg,0
ISIC_0072451.jpg,5
ISIC_0027737.jpg,4
ISIC_0025383.jpg,0
ISIC_0010189.jpg,2
ISIC_0070568.jpg,0
ISIC_0013465.jpg,5
ISIC_3116777.jpg,1
ISIC_0056697.jpg,3
ISIC_0012510.jpg,5
ISIC_0069709.jpg,0
ISIC_0011973.jpg,1
ISIC_0058069.jpg,0
ISIC_0058088.jpg,0
ISIC_0068681.jpg,5
ISIC_0033523.jpg,4
ISIC_0058173.jpg,2
ISIC_0034189.jpg,4
ISIC_0028964.jpg,0
ISIC_0033531.jpg,4
ISIC_0010884.jpg,1
ISIC_0024705.jpg,4
ISIC_0065567.jpg,0
ISIC_9037453.jpg,3
ISIC_0058362.jpg,2
ISIC_7373609.jpg,1
ISIC_0057587.jpg,0
ISIC_0027006.jpg,4
ISIC_0057111.jpg,0
ISIC_0014046.jpg,3
ISIC_0001921.jpg,3
ISIC_0033449.jpg,4
ISIC_0011852.jpg,1
ISIC_0065993.jpg,5
ISIC_0014583.jpg,5
ISIC_0140720.jpg,1
ISIC_0062327.jpg,3
ISIC_6793293.jpg,1
ISIC_0055097.jpg,5
ISIC_0057471.jpg,0
ISIC_0012395.jpg,2
ISIC_0057758.jpg,5
ISIC_0024612.jpg,4
ISIC_0057500.jpg,0
ISIC_0026378.jpg,4
ISIC_0062683.jpg,0
ISIC_0070540.jpg,5
ISIC_0064817.jpg,5
ISIC_0027652.jpg,4
ISIC_0011843.jpg,1
ISIC_0027982.jpg,4
ISIC_0025591.jpg,3
ISIC_0032898.jpg,4
ISIC_0030010.jpg,0
ISIC_0013409.jpg,5
ISIC_7803822.jpg,1
ISIC_6889402.jpg,1
ISIC_0028207.jpg,3
ISIC_0067312.jpg,0
ISIC_0060684.jpg,0
ISIC_0000286.jpg,2
ISIC_4983958.jpg,1
ISIC_0063532.jpg,0
ISIC_0059027.jpg,2
ISIC_2586049.jpg,3
ISIC_0031851.jpg,4
ISIC_0053647.jpg,3
ISIC_0060639.jpg,5
ISIC_0011639.jpg,1
ISIC_8502689.jpg,1
ISIC_0024623.jpg,4
ISIC_0059758.jpg,0
ISIC_4354857.jpg,5
ISIC_0028560.jpg,4
ISIC_0065929.jpg,0
ISIC_0058145.jpg,3
ISIC_0933158.jpg,1
ISIC_0029671.jpg,3
ISIC_0008195.jpg,3
ISIC_1838042.jpg,1
ISIC_0060173.jpg,5
ISIC_0002999.jpg,3
ISIC_0066646.jpg,5
ISIC_0063166.jpg,0
ISIC_0066857.jpg,5
ISIC_0010214.jpg,1
ISIC_9161457.jpg,3
ISIC_0028180.jpg,4
ISIC_0062451.jpg,0
ISIC_0063970.jpg,0
ISIC_0027455.jpg,4
ISIC_0062517.jpg,2
ISIC_0027828.jpg,4
ISIC_2540746.jpg,1
ISIC_0032829.jpg,4
ISIC_0063167.jpg,0
ISIC_0032113.jpg,4
ISIC_0010203.jpg,1
ISIC_0065598.jpg,2
ISIC_0068627.jpg,2
ISIC_0058730.jpg,3
ISIC_0025584.jpg,0
ISIC_0062926.jpg,0
ISIC_0053971.jpg,2
ISIC_5810696.jpg,3
ISIC_0031396.jpg,4
ISIC_0055325.jpg,0
ISIC_0029213.jpg,4
ISIC_0031470.jpg,0
ISIC_0029519.jpg,4
ISIC_0026298.jpg,4
ISIC_0065548.jpg,0
ISIC_4939497.jpg,5
ISIC_0026556.jpg,4
ISIC_0028860.jpg,2
ISIC_0061341.jpg,0
ISIC_0060244.jpg,2
ISIC_0034175.jpg,4
ISIC_0033854.jpg,4
ISIC_0029372.jpg,0
ISIC_0029270.jpg,4
ISIC_0055225.jpg,0
ISIC_0024324.jpg,4
ISIC_0061864.jpg,0
ISIC_0010933.jpg,1
ISIC_0072121.jpg,2
ISIC_0062574.jpg,5
ISIC_0066911.jpg,5
ISIC_0055961.jpg,0
ISIC_0060370.jpg,0
ISIC_0011662.jpg,3
ISIC_0033815.jpg,3
ISIC_0029491.jpg,3
ISIC_0063697.jpg,0
ISIC_0058717.jpg,5
ISIC_6650334.jpg,1
ISIC_0058317.jpg,5
ISIC_0055146.jpg,5
ISIC_0073126.jpg,5
ISIC_9733868.jpg,1
ISIC_4174867.jpg,1
ISIC_6982386.jpg,2
ISIC_0031266.jpg,0
ISIC_2789443.jpg,1
ISIC_2227940.jpg,1
ISIC_0068345.jpg,0
ISIC_0057666.jpg,0
ISIC_0032508.jpg,4
ISIC_0057531.jpg,2
ISIC_0033642.jpg,4
ISIC_0602893.jpg,1
ISIC_0026867.jpg,4
ISIC_0013696.jpg,2
ISIC_0014186.jpg,2
ISIC_9377355.jpg,1
ISIC_0024280.jpg,0
ISIC_0027053.jpg,4
ISIC_9184306.jpg,1
ISIC_0062288.jpg,0
ISIC_0067666.jpg,2
ISIC_0001159.jpg,0
ISIC_7408392.jpg,5
ISIC_0031558.jpg,4
ISIC_0063272.jpg,5
ISIC_0071945.jpg,3
ISIC_0010373.jpg,1
ISIC_0026475.jpg,2
ISIC_6951477.jpg,1
ISIC_7149838.jpg,1
ISIC_0030698.jpg,4
ISIC_8750635.jpg,1
ISIC_0046414.jpg,1
ISIC_0025324.jpg,2
ISIC_0010243.jpg,1
ISIC_0062193.jpg,3
ISIC_0055235.jpg,5
ISIC_0061819.jpg,0
ISIC_0009697.jpg,3
ISIC_6699023.jpg,3
ISIC_0006710.jpg,3
ISIC_0010942.jpg,2
ISIC_0401647.jpg,1
ISIC_0010848.jpg,3
ISIC_0026105.jpg,2
ISIC_0046345.jpg,2
ISIC_0024782.jpg,4
ISIC_8723509.jpg,5
ISIC_0014630.jpg,5
ISIC_0033119.jpg,3
ISIC_0069032.jpg,0
ISIC_4602463.jpg,1
ISIC_0010311.jpg,1
ISIC_2797353.jpg,2
ISIC_0026796.jpg,2
ISIC_0024748.jpg,4
ISIC_0055897.jpg,0
ISIC_0072887.jpg,2
ISIC_7809510.jpg,2
ISIC_0027335.jpg,4
ISIC_3429725.jpg,1
ISIC_0064851.jpg,2
ISIC_0028592.jpg,3
ISIC_0062447.jpg,2
ISIC_0029193.jpg,0
ISIC_8827801.jpg,1
ISIC_0011937.jpg,1
ISIC_0062634.jpg,0
ISIC_0029802.jpg,4
ISIC_8253972.jpg,3
ISIC_0062126.jpg,5
ISIC_0027504.jpg,4
ISIC_0070273.jpg,0
ISIC_6392764.jpg,3
ISIC_0071272.jpg,5
ISIC_0027820.jpg,4
ISIC_0071574.jpg,5
ISIC_0005618.jpg,3
ISIC_0058400.jpg,5
ISIC_0030372.jpg,4
ISIC_0025804.jpg,4
ISIC_9152603.jpg,1
ISIC_0058573.jpg,0
ISIC_0001142.jpg,2
ISIC_0011644.jpg,3
ISIC_0027806.jpg,4
ISIC_0061020.jpg,0
ISIC_0024930.jpg,2
ISIC_7485852.jpg,1
ISIC_0069109.jpg,0
ISIC_0033910.jpg,4
ISIC_0046681.jpg,2
ISIC_0034299.jpg,0
ISIC_0070086.jpg,0
ISIC_0066679.jpg,5
ISIC_0031513.jpg,0
ISIC_0059802.jpg,0
ISIC_0001144.jpg,5
ISIC_5849266.jpg,1
ISIC_0013169.jpg,5
ISIC_0029453.jpg,2
ISIC_0058434.jpg,0
ISIC_0012391.jpg,2
ISIC_5509459.jpg,1
ISIC_0011794.jpg,2
ISIC_0028847.jpg,2
ISIC_0028973.jpg,0
ISIC_0068851.jpg,2
ISIC_0033778.jpg,4
ISIC_0031250.jpg,3
ISIC_0033041.jpg,4
ISIC_0032987.jpg,2
ISIC_0058984.jpg,0
ISIC_3871225.jpg,1
ISIC_0054820.jpg,0
ISIC_0012676.jpg,3
ISIC_0054740.jpg,0
ISIC_0072296.jpg,5
ISIC_7410175.jpg,2
ISIC_0032834.jpg,0
ISIC_0029105.jpg,3
ISIC_4734240.jpg,1
ISIC_5689175.jpg,1
ISIC_0071214.jpg,0
ISIC_0135990.jpg,1
ISIC_0069768.jpg,5
ISIC_9437700.jpg,1
ISIC_0033704.jpg,2
ISIC_0065108.jpg,0
ISIC_0012721.jpg,3
ISIC_0014619.jpg,5
ISIC_0014634.jpg,5
ISIC_0066737.jpg,5
ISIC_5136612.jpg,1
ISIC_1106851.jpg,3
ISIC_0030801.jpg,4
ISIC_8460948.jpg,5
ISIC_0072837.jpg,3
ISIC_0070714.jpg,0
ISIC_0059070.jpg,0
ISIC_0032629.jpg,2
ISIC_0024446.jpg,4
ISIC_0030105.jpg,4
ISIC_0029604.jpg,3
ISIC_6342190.jpg,1
ISIC_0056077.jpg,3
ISIC_0033175.jpg,2
ISIC_8501248.jpg,5
ISIC_0008075.jpg,3
ISIC_0012852.jpg,5
ISIC_1893232.jpg,5
ISIC_0064797.jpg,0
ISIC_0001000.jpg,3
ISIC_0065588.jpg,5
ISIC_0015933.jpg,5
ISIC_0059349.jpg,2
ISIC_0055539.jpg,0
ISIC_0065872.jpg,2
ISIC_0003608.jpg,3
ISIC_0031565.jpg,2
ISIC_0009618.jpg,3
ISIC_0072622.jpg,5
ISIC_0026015.jpg,4
ISIC_0028288.jpg,2
ISIC_0027765.jpg,3
ISIC_0010620.jpg,3
ISIC_0024737.jpg,3
ISIC_7544251.jpg,3
ISIC_0055661.jpg,3
ISIC_9910791.jpg,2
ISIC_2565512.jpg,3
ISIC_1742207.jpg,1
ISIC_0069198.jpg,5
ISIC_0067582.jpg,5
ISIC_0060236.jpg,0
ISIC_0011041.jpg,1
ISIC_0067770.jpg,0
ISIC_0006925.jpg,3
ISIC_9384946.jpg,1
ISIC_0029392.jpg,0
ISIC_0067734.jpg,5
ISIC_0012537.jpg,5
ISIC_0031442.jpg,0
ISIC_0056317.jpg,0
ISIC_4465911.jpg,5
ISIC_0009824.jpg,3
ISIC_6869019.jpg,3
ISIC_0063992.jpg,2
ISIC_0056829.jpg,5
ISIC_0070525.jpg,0
ISIC_0053933.jpg,2
ISIC_0058111.jpg,5
ISIC_0651512.jpg,1
ISIC_6390756.jpg,1
ISIC_0028856.jpg,4
ISIC_0002301.jpg,3
ISIC_0009876.jpg,1
ISIC_0058584.jpg,0
ISIC_0071917.jpg,0
ISIC_8727700.jpg,5
ISIC_0063758.jpg,5
ISIC_0064481.jpg,2
ISIC_3227202.jpg,1
ISIC_0034233.jpg,2
ISIC_0030272.jpg,4
ISIC_0014804.jpg,5
ISIC_8481515.jpg,1
ISIC_0012959.jpg,5
ISIC_0058847.jpg,5
ISIC_0064021.jpg,0
ISIC_0027154.jpg,4
ISIC_0055941.jpg,3
ISIC_0030396.jpg,4
ISIC_0028557.jpg,3
ISIC_0057029.jpg,0
ISIC_0068219.jpg,5
ISIC_0063368.jpg,5
ISIC_0064010.jpg,2
ISIC_0010290.jpg,1
ISIC_0033022.jpg,4
ISIC_0058142.jpg,0
ISIC_0025038.jpg,4
ISIC_0010503.jpg,2
ISIC_0032043.jpg,4
ISIC_0067657.jpg,5
ISIC_6364763.jpg,1
ISIC_0024574.jpg,3
ISIC_0431547.jpg,3
ISIC_5916208.jpg,1
ISIC_0068505.jpg,0
ISIC_0027239.jpg,4
ISIC_0032249.jpg,4
ISIC_0029101.jpg,4
ISIC_0010611.jpg,2
ISIC_0057261.jpg,2
ISIC_0012077.jpg,1
ISIC_0061216.jpg,5
ISIC_0058617.jpg,2
ISIC_3682341.jpg,3
ISIC_0059961.jpg,0
ISIC_0011965.jpg,1
ISIC_0453394.jpg,1
ISIC_0026923.jpg,4
ISIC_0026228.jpg,3
ISIC_9936188.jpg,3
ISIC_8430165.jpg,1
ISIC_0010735.jpg,1
ISIC_0026827.jpg,4
ISIC_0028294.jpg,4
ISIC_5849354.jpg,1
ISIC_0029232.jpg,4
ISIC_0029138.jpg,3
ISIC_0014578.jpg,5
ISIC_0058044.jpg,5
ISIC_0067170.jpg,2
ISIC_8581475.jpg,1
ISIC_0072740.jpg,5
ISIC_0064072.jpg,2
ISIC_0063892.jpg,0
ISIC_0029102.jpg,4
ISIC_7797595.jpg,1
ISIC_0030127.jpg,3
ISIC_0010035.jpg,1
ISIC_0007415.jpg,3
ISIC_0060928.jpg,0
ISIC_0030160.jpg,4
ISIC_0061751.jpg,2
ISIC_0029613.jpg,4
ISIC_0054157.jpg,3
ISIC_0024970.jpg,4
ISIC_0030712.jpg,0
ISIC_0012064.jpg,2
ISIC_0057819.jpg,5
ISIC_0060673.jpg,0
ISIC_0032570.jpg,4
ISIC_0073050.jpg,5
ISIC_0029206.jpg,4
ISIC_0024741.jpg,4
ISIC_0059657.jpg,0
ISIC_0025033.jpg,4
ISIC_0029359.jpg,3
ISIC_0028925.jpg,4
ISIC_0067584.jpg,5
ISIC_0069299.jpg,0
ISIC_0072173.jpg,2
ISIC_0054749.jpg,3
ISIC_0012227.jpg,5
ISIC_0067876.jpg,0
ISIC_0053750.jpg,5
ISIC_0064396.jpg,2
ISIC_0032975.jpg,2
ISIC_0053487.jpg,0
ISIC_0029051.jpg,4
ISIC_0033784.jpg,4
ISIC_0030765.jpg,3
ISIC_0478979.jpg,1
ISIC_0064927.jpg,2
ISIC_0068400.jpg,0
ISIC_0072034.jpg,0
ISIC_0054487.jpg,0
ISIC_0033606.jpg,4
ISIC_0013617.jpg,2
ISIC_0068495.jpg,2
ISIC_0025068.jpg,4
ISIC_0012084.jpg,1
ISIC_0069975.jpg,0
ISIC_1819418.jpg,1
ISIC_0010610.jpg,2
ISIC_0025017.jpg,3
ISIC_0029574.jpg,2
ISIC_0054979.jpg,2
ISIC_0073099.jpg,5
ISIC_0010384.jpg,1
ISIC_6498094.jpg,1
ISIC_0060927.jpg,0
ISIC_0033945.jpg,4
ISIC_0032280.jpg,4
ISIC_0010094.jpg,2
ISIC_0026967.jpg,4
ISIC_0027649.jpg,4
ISIC_0002754.jpg,3
ISIC_0054477.jpg,0
ISIC_0027561.jpg,2
ISIC_0008847.jpg,3
ISIC_0009596.jpg,3
ISIC_0059546.jpg,0
ISIC_0032618.jpg,4
ISIC_0024871.jpg,4
ISIC_0029897.jpg,4
ISIC_0031464.jpg,4
ISIC_0010165.jpg,2
ISIC_0070592.jpg,5
ISIC_0057380.jpg,0
ISIC_0061175.jpg,0
ISIC_7035246.jpg,2
ISIC_0007097.jpg,3
ISIC_4454075.jpg,1
ISIC_0073018.jpg,2
ISIC_0027419.jpg,4
ISIC_0070612.jpg,0
ISIC_0057552.jpg,5
ISIC_3406437.jpg,1
ISIC_0026631.jpg,4
ISIC_3409440.jpg,5
ISIC_0026078.jpg,3
ISIC_0006953.jpg,3
ISIC_0026514.jpg,4
ISIC_0057290.jpg,5
ISIC_0031349.jpg,4
ISIC_0062021.jpg,0
ISIC_0030436.jpg,4
ISIC_0025236.jpg,3
ISIC_0029311.jpg,4
ISIC_0069291.jpg,5
ISIC_0033855.jpg,4
ISIC_2710887.jpg,1
ISIC_0025823.jpg,3
ISIC_0028972.jpg,4
ISIC_2787700.jpg,1
ISIC_6135643.jpg,2
ISIC_0033728.jpg,2
ISIC_0061697.jpg,0
ISIC_0025164.jpg,3
ISIC_0057941.jpg,0
ISIC_0027171.jpg,2
ISIC_0071944.jpg,2
ISIC_2176112.jpg,2
ISIC_0013040.jpg,5
ISIC_0031135.jpg,3
ISIC_0025075.jpg,4
ISIC_0015102.jpg,3
ISIC_0014029.jpg,5
ISIC_4511704.jpg,1
ISIC_0033646.jpg,4
ISIC_0007548.jpg,3
ISIC_0011990.jpg,1
ISIC_0007528.jpg,3
ISIC_0046626.jpg,2
ISIC_0010125.jpg,1
ISIC_0033181.jpg,3
ISIC_0014601.jpg,5
ISIC_0002543.jpg,3
ISIC_0001241.jpg,3
ISIC_3526376.jpg,1
ISIC_0033369.jpg,2
ISIC_0025071.jpg,3
ISIC_0001412.jpg,3
ISIC_0030397.jpg,3
ISIC_6865666.jpg,1
ISIC_0064649.jpg,0
ISIC_0070824.jpg,0
ISIC_0011192.jpg,1
ISIC_0030783.jpg,4
ISIC_0029948.jpg,3
ISIC_0010103.jpg,1
ISIC_0413563.jpg,2
ISIC_0011587.jpg,1
ISIC_0066608.jpg,0
ISIC_0069642.jpg,5
ISIC_0029320.jpg,4
ISIC_0063355.jpg,5
ISIC_0066195.jpg,5
ISIC_1698942.jpg,2
ISIC_0070011.jpg,0
ISIC_0031630.jpg,4
ISIC_0072859.jpg,0
ISIC_0058703.jpg,0
ISIC_0033528.jpg,4
ISIC_0013682.jpg,5
ISIC_0030700.jpg,4
ISIC_0031168.jpg,4
ISIC_0030193.jpg,3
ISIC_6620377.jpg,2
ISIC_5337158.jpg,1
ISIC_0011902.jpg,1
ISIC_0071746.jpg,2
ISIC_0004620.jpg,3
ISIC_0065699.jpg,0
ISIC_0065887.jpg,5
ISIC_0000511.jpg,2
ISIC_5176677.jpg,1
ISIC_0056672.jpg,5
ISIC_0054771.jpg,0
ISIC_0054855.jpg,5
ISIC_0067859.jpg,3
ISIC_0032006.jpg,4
ISIC_0015044.jpg,5
ISIC_0024644.jpg,2
ISIC_2810420.jpg,1
ISIC_0119296.jpg,1
ISIC_0011019.jpg,1
ISIC_0011438.jpg,2
ISIC_0069679.jpg,0
ISIC_0059110.jpg,5
ISIC_0028840.jpg,4
ISIC_0014788.jpg,2
ISIC_6844482.jpg,1
ISIC_0001163.jpg,3
ISIC_0059793.jpg,0
ISIC_0000448.jpg,3
ISIC_0028291.jpg,2
ISIC_3610783.jpg,5
ISIC_0033006.jpg,3
ISIC_0072784.jpg,5
ISIC_0028258.jpg,4
ISIC_0012330.jpg,5
ISIC_0028448.jpg,4
ISIC_0013458.jpg,5
ISIC_0065374.jpg,2
ISIC_0012773.jpg,5
ISIC_0014272.jpg,5
ISIC_0014433.jpg,3
ISIC_0068057.jpg,5
ISIC_1300267.jpg,1
ISIC_0665750.jpg,1
ISIC_0059053.jpg,5
ISIC_0015355.jpg,3
ISIC_0029791.jpg,4
ISIC_1985763.jpg,3
ISIC_0054799.jpg,0
ISIC_0065990.jpg,0
ISIC_0034113.jpg,4
ISIC_0056976.jpg,5
ISIC_9957272.jpg,1
ISIC_1277350.jpg,1
ISIC_0026909.jpg,2
ISIC_0055546.jpg,2
ISIC_0032681.jpg,4
ISIC_0033829.jpg,4
ISIC_0061513.jpg,5
ISIC_0055779.jpg,0
ISIC_0056535.jpg,5
ISIC_0071801.jpg,5
ISIC_0070165.jpg,0
ISIC_0029612.jpg,4
ISIC_2508280.jpg,1
ISIC_0033499.jpg,0
ISIC_0033736.jpg,4
ISIC_0027892.jpg,3
ISIC_0010866.jpg,2
ISIC_7407079.jpg,1
ISIC_0014571.jpg,5
ISIC_0024274.jpg,0
ISIC_4066892.jpg,1
ISIC_0001339.jpg,3
ISIC_0026443.jpg,4
ISIC_0063806.jpg,0
ISIC_0005101.jpg,3
ISIC_0033973.jpg,4
ISIC_0011810.jpg,0
ISIC_0012390.jpg,5
ISIC_0032506.jpg,3
ISIC_0063529.jpg,0
ISIC_0013457.jpg,2
ISIC_0011775.jpg,1
ISIC_0027964.jpg,2
ISIC_0010524.jpg,1
ISIC_0030231.jpg,4
ISIC_0072856.jpg,0
ISIC_0064976.jpg,5
ISIC_0067089.jpg,0
ISIC_0069011.jpg,0
ISIC_0015916.jpg,1
ISIC_0275828.jpg,2
ISIC_0029886.jpg,3
ISIC_0006674.jpg,3
ISIC_0055058.jpg,0
ISIC_0032997.jpg,4
ISIC_1720840.jpg,3
ISIC_6823020.jpg,1
ISIC_0062353.jpg,3
ISIC_0027612.jpg,4
ISIC_0068817.jpg,2
ISIC_0071241.jpg,5
ISIC_0028615.jpg,4
ISIC_0066914.jpg,5
ISIC_0010760.jpg,3
ISIC_0025949.jpg,3
ISIC_0009652.jpg,3
ISIC_0011134.jpg,1
ISIC_0029617.jpg,4
ISIC_0063375.jpg,0
ISIC_4327928.jpg,2
ISIC_0031816.jpg,3
ISIC_7021797.jpg,1
ISIC_0006018.jpg,3
ISIC_0000306.jpg,2
ISIC_0011630.jpg,3
ISIC_0034197.jpg,4
ISIC_0072520.jpg,0
ISIC_0068265.jpg,0
ISIC_8711662.jpg,1
ISIC_0013429.jpg,2
ISIC_0061174.jpg,0
ISIC_5649739.jpg,1
ISIC_0025732.jpg,2
ISIC_0027975.jpg,3
ISIC_0071515.jpg,0
ISIC_0000979.jpg,3
ISIC_7651745.jpg,1
ISIC_0056231.jpg,5
ISIC_0057529.jpg,3
ISIC_0053921.jpg,5
ISIC_0069577.jpg,0
ISIC_0013632.jpg,5
ISIC_0005565.jpg,3
ISIC_0012369.jpg,2
ISIC_0065565.jpg,0
ISIC_0029023.jpg,3
ISIC_0071483.jpg,0
ISIC_0063807.jpg,5
ISIC_0010023.jpg,2
ISIC_2947742.jpg,1
ISIC_0464270.jpg,1
ISIC_7654194.jpg,1
ISIC_2296431.jpg,3
ISIC_0071091.jpg,3
ISIC_0031456.jpg,3
ISIC_0027747.jpg,4
ISIC_5557949.jpg,1
ISIC_0057990.jpg,5
ISIC_0030789.jpg,4
ISIC_8159718.jpg,1
ISIC_0058711.jpg,0
ISIC_0464707.jpg,1
ISIC_0006688.jpg,3
ISIC_0069454.jpg,5
ISIC_0067549.jpg,2
ISIC_0030683.jpg,4
ISIC_0001127.jpg,2
ISIC_0003815.jpg,3
ISIC_0060034.jpg,3
ISIC_5623138.jpg,1
ISIC_0007858.jpg,3
ISIC_1833509.jpg,1
ISIC_0032687.jpg,2
ISIC_0057801.jpg,0
ISIC_9143194.jpg,1
ISIC_9301005.jpg,1
ISIC_0012974.jpg,5
ISIC_0013166.jpg,5
ISIC_0066126.jpg,5
ISIC_0031872.jpg,4
ISIC_0013709.jpg,5
ISIC_0065684.jpg,0
ISIC_0011380.jpg,1
ISIC_0069542.jpg,3
ISIC_8997516.jpg,1
ISIC_0030352.jpg,0
ISIC_8191985.jpg,3
ISIC_0060845.jpg,2
ISIC_0058419.jpg,0
ISIC_3953975.jpg,3
ISIC_0063471.jpg,3
ISIC_0011594.jpg,2
ISIC_0001065.jpg,3
ISIC_1396276.jpg,5
ISIC_0062097.jpg,3
ISIC_0029062.jpg,4
ISIC_0068106.jpg,2
ISIC_0025275.jpg,4
ISIC_0068101.jpg,0
ISIC_0003661.jpg,3
ISIC_0060105.jpg,5
ISIC_0053939.jpg,0
ISIC_0014629.jpg,5
ISIC_0028830.jpg,4
ISIC_9744305.jpg,3
ISIC_0028173.jpg,2
ISIC_4210002.jpg,3
ISIC_0033438.jpg,4
ISIC_0054834.jpg,0
ISIC_0010791.jpg,2
ISIC_0057346.jpg,5
ISIC_0033366.jpg,0
ISIC_0012245.jpg,5
ISIC_0059918.jpg,5
ISIC_0058511.jpg,3
ISIC_0011678.jpg,1
ISIC_0009106.jpg,3
ISIC_0030512.jpg,2
ISIC_0025145.jpg,2
ISIC_0029527.jpg,4
ISIC_4581400.jpg,1
ISIC_0055105.jpg,2
ISIC_0029557.jpg,4
ISIC_0069301.jpg,0
ISIC_5562836.jpg,1
ISIC_0069982.jpg,5
ISIC_0054350.jpg,2
ISIC_0012054.jpg,0
ISIC_0006723.jpg,3
ISIC_0029222.jpg,3
ISIC_0067680.jpg,0
ISIC_2971969.jpg,3
ISIC_2150997.jpg,1
ISIC_0029249.jpg,4
ISIC_0000466.jpg,2
ISIC_4492754.jpg,1
ISIC_0071235.jpg,0
ISIC_0027275.jpg,4
ISIC_0011903.jpg,1
ISIC_0002921.jpg,3
ISIC_0031951.jpg,4
ISIC_0025743.jpg,4
ISIC_0056909.jpg,5
ISIC_4887403.jpg,1
ISIC_8586456.jpg,1
ISIC_0030007.jpg,4
ISIC_9631590.jpg,5
ISIC_0025941.jpg,2
ISIC_0066221.jpg,0
ISIC_0056193.jpg,5
ISIC_0011936.jpg,1
ISIC_0012071.jpg,1
ISIC_0010052.jpg,1
ISIC_0057016.jpg,2
ISIC_0054302.jpg,2
ISIC_0067464.jpg,0
ISIC_0009918.jpg,2
ISIC_0055405.jpg,2
ISIC_0032877.jpg,4
ISIC_0011293.jpg,1
ISIC_0009613.jpg,3
ISIC_0057070.jpg,3
ISIC_0033020.jpg,0
ISIC_0069354.jpg,5
ISIC_0026395.jpg,0
ISIC_0069014.jpg,0
ISIC_0054002.jpg,5
ISIC_8939957.jpg,1
ISIC_0029940.jpg,3
ISIC_0056730.jpg,0
ISIC_0026566.jpg,4
ISIC_9537942.jpg,1
ISIC_0191734.jpg,3
ISIC_6644377.jpg,1
ISIC_3487175.jpg,1
ISIC_0011289.jpg,2
ISIC_2365917.jpg,1
ISIC_3305055.jpg,1
ISIC_0059854.jpg,0
ISIC_0001361.jpg,3
ISIC_0056661.jpg,0
ISIC_4093917.jpg,1
ISIC_0030759.jpg,2
ISIC_0010491.jpg,5
ISIC_0029676.jpg,4
ISIC_9571842.jpg,2
ISIC_9812976.jpg,1
ISIC_0063212.jpg,3
ISIC_0030226.jpg,4
ISIC_0060693.jpg,2
ISIC_0070129.jpg,2
ISIC_2119008.jpg,3
ISIC_0011951.jpg,2
ISIC_0026853.jpg,2
ISIC_0013089.jpg,5
ISIC_0055038.jpg,0
ISIC_0060314.jpg,0
ISIC_0010743.jpg,1
ISIC_0010134.jpg,1
ISIC_0071010.jpg,3
ISIC_5337236.jpg,0
ISIC_0055459.jpg,2
ISIC_0054524.jpg,0
ISIC_0057634.jpg,2
ISIC_0003515.jpg,3
ISIC_0061589.jpg,5
ISIC_0029343.jpg,2
ISIC_0068169.jpg,0
ISIC_0027017.jpg,4
ISIC_0027682.jpg,3
ISIC_1643439.jpg,1
ISIC_0031436.jpg,4
ISIC_0057336.jpg,0
ISIC_0058867.jpg,0
ISIC_0033415.jpg,2
ISIC_0026291.jpg,4
ISIC_0065302.jpg,5
ISIC_0033529.jpg,4
ISIC_0031334.jpg,4
ISIC_0013765.jpg,5
ISIC_0063728.jpg,5
ISIC_0055081.jpg,2
ISIC_0029301.jpg,4
ISIC_0058827.jpg,3
ISIC_0006995.jpg,3
ISIC_0004951.jpg,3
ISIC_2651049.jpg,5
ISIC_0064981.jpg,0
ISIC_0006888.jpg,3
ISIC_0059373.jpg,3
ISIC_0063304.jpg,5
ISIC_0030723.jpg,4
ISIC_0047031.jpg,2
ISIC_0032156.jpg,4
ISIC_0003736.jpg,3
ISIC_0027860.jpg,3
ISIC_7205745.jpg,2
ISIC_0033750.jpg,4
ISIC_0025063.jpg,4
ISIC_0012810.jpg,5
ISIC_3087371.jpg,3
ISIC_0010921.jpg,3
ISIC_0069552.jpg,5
ISIC_0054413.jpg,0
ISIC_0014144.jpg,2
ISIC_5330829.jpg,1
ISIC_0154032.jpg,3
ISIC_0057654.jpg,0
ISIC_0061700.jpg,0
ISIC_0061313.jpg,0
ISIC_0056445.jpg,5
ISIC_0054113.jpg,0
ISIC_9579703.jpg,2
ISIC_0062363.jpg,5
ISIC_0033199.jpg,4
ISIC_0783513.jpg,3
ISIC_0059491.jpg,0
ISIC_0011257.jpg,1
ISIC_0055916.jpg,0
ISIC_5571430.jpg,1
ISIC_3882359.jpg,3
ISIC_0031091.jpg,3
ISIC_0031712.jpg,0
ISIC_0002035.jpg,3
ISIC_0025829.jpg,3
ISIC_8356405.jpg,1
ISIC_6066292.jpg,2
ISIC_0067080.jpg,0
ISIC_0060193.jpg,0
ISIC_0032679.jpg,3
ISIC_8568000.jpg,1
ISIC_9140119.jpg,3
ISIC_0012027.jpg,1
ISIC_0014592.jpg,5
ISIC_6580076.jpg,3
ISIC_8436194.jpg,2
ISIC_0027042.jpg,4
ISIC_0070367.jpg,0
ISIC_0024494.jpg,4
ISIC_0071113.jpg,0
ISIC_0026803.jpg,4
ISIC_0024285.jpg,0
ISIC_7747636.jpg,1
ISIC_3590167.jpg,2
ISIC_6035908.jpg,3
ISIC_0028354.jpg,4
ISIC_0000810.jpg,3
ISIC_4552090.jpg,3
ISIC_0061907.jpg,0
ISIC_0066166.jpg,0
ISIC_7940879.jpg,3
ISIC_0030349.jpg,0
ISIC_3621643.jpg,1
ISIC_0029525.jpg,4
ISIC_0032303.jpg,4
ISIC_0072632.jpg,3
ISIC_0062583.jpg,0
ISIC_9531992.jpg,1
ISIC_0068533.jpg,5
ISIC_0009791.jpg,3
ISIC_0011318.jpg,3
ISIC_2784325.jpg,1
ISIC_0030150.jpg,2
ISIC_0064013.jpg,0
ISIC_0026272.jpg,3
ISIC_0067789.jpg,2
ISIC_0009291.jpg,3
ISIC_0030976.jpg,4
ISIC_0009407.jpg,3
ISIC_0010437.jpg,1
ISIC_0027428.jpg,4
ISIC_0032129.jpg,4
ISIC_0069812.jpg,0
ISIC_0010250.jpg,1
ISIC_2355721.jpg,1
ISIC_0010139.jpg,3
ISIC_0004149.jpg,3
ISIC_0034040.jpg,4
ISIC_0066717.jpg,0
ISIC_0014806.jpg,5
ISIC_0069865.jpg,2
ISIC_3160599.jpg,1
ISIC_0009590.jpg,3
ISIC_0031465.jpg,4
ISIC_2141209.jpg,1
ISIC_0027533.jpg,4
ISIC_8502411.jpg,1
ISIC_1453146.jpg,1
ISIC_0031122.jpg,0
ISIC_0029176.jpg,4
ISIC_0032316.jpg,0
ISIC_8026339.jpg,5
ISIC_0072737.jpg,5
ISIC_0032841.jpg,2
ISIC_0014590.jpg,5
ISIC_0033791.jpg,4
ISIC_0030768.jpg,4
ISIC_0069682.jpg,5
ISIC_0062817.jpg,0
ISIC_0055626.jpg,3
ISIC_8190955.jpg,1
ISIC_0059877.jpg,0
ISIC_8892662.jpg,1
ISIC_4914130.jpg,5
ISIC_2671471.jpg,1
ISIC_0064276.jpg,2
ISIC_0011009.jpg,1
ISIC_0033629.jpg,4
ISIC_0029652.jpg,2
ISIC_0054670.jpg,2
ISIC_0191276.jpg,1
ISIC_0068694.jpg,0
ISIC_0062146.jpg,5
ISIC_0063452.jpg,0
ISIC_0033560.jpg,2
ISIC_0014357.jpg,2
ISIC_0025601.jpg,0
ISIC_0014636.jpg,5
ISIC_0054965.jpg,5
ISIC_0032776.jpg,4
ISIC_0070619.jpg,5
ISIC_0065821.jpg,5
ISIC_0011157.jpg,3
ISIC_6217184.jpg,1
ISIC_0057114.jpg,0
ISIC_0057412.jpg,2
ISIC_0034160.jpg,0
ISIC_0069345.jpg,0
ISIC_5799555.jpg,3
ISIC_0058825.jpg,5
ISIC_7118325.jpg,1
ISIC_0057569.jpg,0
ISIC_0029340.jpg,4
ISIC_0068239.jpg,2
ISIC_0001838.jpg,3
ISIC_0015040.jpg,3
ISIC_0013056.jpg,5
ISIC_0032023.jpg,3
ISIC_0032051.jpg,4
ISIC_0010806.jpg,1
ISIC_0059717.jpg,0
ISIC_5581297.jpg,2
ISIC_0054605.jpg,0
ISIC_0071438.jpg,0
ISIC_0064622.jpg,0
ISIC_0055185.jpg,5
ISIC_0026245.jpg,4
ISIC_0067333.jpg,2
ISIC_0029082.jpg,0
ISIC_5165544.jpg,3
ISIC_0058527.jpg,0
ISIC_0025526.jpg,4
ISIC_0025746.jpg,4
ISIC_0060700.jpg,2
